Officer_ID,Officer_Name,Rank,Station_ID
O0001,Om Konda,SI,PS002
O0002,Gagan Sangha,DSP,PS002
O0003,Tarak Bhandari,DSP,PS001
O0004,Devika Sani,DSP,PS006
O0005,Aarush Prashad,PI,PS004
O0006,Madhavi Chander,Constable,PS003
O0007,Shravya Wali,PI,PS001
O0008,Indrajit Shere,PI,PS002
O0009,Yashasvi Loke,PI,PS006
O0010,Aditya Warrior,PI,PS001
O0011,Jacob Deshpande,SI,PS005
O0012,Lajita Sundaram,SI,PS001
O0013,Harinakshi Talwar,SI,PS003
O0014,Rishi Joshi,DSP,PS001
O0015,Osha Garde,PI,PS003
O0016,Kiaan Hari,SI,PS002
O0017,Eiravati Gokhale,SI,PS007
O0018,Dayamai Oza,SI,PS006
O0019,Anamika Iyengar,PI,PS002
O0020,Faras Shukla,SI,PS003
O0021,Yahvi Subramaniam,SI,PS006
O0022,Dayita Varghese,Constable,PS008
O0023,Aryan Pradhan,DSP,PS001
O0024,Meghana Talwar,PI,PS003
O0025,Daksh Jani,DSP,PS002
O0026,Nandini Jhaveri,Constable,PS008
O0027,Upadhriti Ben,Constable,PS003
O0028,Sai Golla,DSP,PS003
O0029,Samar Warrior,SI,PS005
O0030,Wishi Rege,DSP,PS004
O0031,Yamini Nagy,PI,PS003
O0032,Ronith Bail,PI,PS001
O0033,Rachit Palan,DSP,PS004
O0034,Mason Kalla,SI,PS004
O0035,Yashoda Bala,Constable,PS004
O0036,Ladli Wagle,DSP,PS006
O0037,Xiti Lalla,Constable,PS006
O0038,Banjeet Kohli,SI,PS002
O0039,Avi Sagar,Constable,PS002
O0040,Isaiah Randhawa,SI,PS004
O0041,Ekapad Roy,PI,PS002
O0042,Dominic Tella,DSP,PS001
O0043,Kashish Dhar,SI,PS007
O0044,Sachi Bahl,SI,PS006
O0045,Sanaya Kibe,DSP,PS002
O0046,Chakradhar Chana,DSP,PS006
O0047,Ekiya Nayak,Constable,PS008
O0048,Champak Vohra,PI,PS005
O0049,Damyanti Bal,DSP,PS002
O0050,Madhavi Vasa,Constable,PS003
O0051,Nitesh Raj,PI,PS006
O0052,Sarthak Palla,PI,PS007
O0053,Zashil Sidhu,Constable,PS005
O0054,Tripti Dhaliwal,PI,PS006
O0055,Kritika Prabhu,DSP,PS006
O0056,Mitesh Mistry,SI,PS007
O0057,Chanchal Kanda,SI,PS005
O0058,Simon Barad,DSP,PS005
O0059,Ekaja Rau,PI,PS008
O0060,Yatan Ratta,SI,PS003
O0061,Tejas Thakur,SI,PS007
O0062,Panini Shankar,DSP,PS001
O0063,Alka Salvi,Constable,PS006
O0064,Bhavika Swamy,Constable,PS003
O0065,Qushi Natt,SI,PS008
O0066,Anay Bakshi,PI,PS008
O0067,Nidhi Gola,Constable,PS004
O0068,Leena More,Constable,PS006
O0069,Adya Dash,Constable,PS003
O0070,Ria Walia,Constable,PS005
O0071,Matthew Chauhan,Constable,PS006
O0072,Manthan Chokshi,SI,PS005
O0073,Radhika Issac,PI,PS003
O0074,Vedant Deep,SI,PS005
O0075,Warinder Thaman,Constable,PS007
O0076,Deepa Bhatti,DSP,PS001
O0077,Isaiah Gara,Constable,PS002
O0078,Manbir Edwin,Constable,PS004
O0079,Aradhana Patla,SI,PS006
O0080,Gaurika Verma,SI,PS008
O0081,Vasudha Ghosh,PI,PS002
O0082,Maanas Goswami,SI,PS008
O0083,Manya Bail,PI,PS006
O0084,Shivani Krish,Constable,PS002
O0085,Yashica Amble,PI,PS007
O0086,Jack Natarajan,PI,PS004
O0087,Bhanumati Chada,PI,PS002
O0088,Bina Raju,PI,PS007
O0089,Zilmil Wable,DSP,PS007
O0090,Samesh Lata,SI,PS003
O0091,Nitesh Loke,Constable,PS007
O0092,Aachal Hans,Constable,PS007
O0093,Hardik Saxena,SI,PS002
O0094,Rachita Shetty,DSP,PS001
O0095,Falguni Badami,SI,PS002
O0096,Nitesh Setty,Constable,PS004
O0097,Bakhshi Chaudry,Constable,PS004
O0098,Sai Dar,Constable,PS004
O0099,Hemang Lanka,SI,PS003
O0100,Janaki Ghosh,PI,PS007
O0101,Divya Warrior,Constable,PS004
O0102,Zaitra Krish,Constable,PS005
O0103,Indali Bahri,DSP,PS004
O0104,Dalbir Pathak,Constable,PS008
O0105,Nakul Dhaliwal,Constable,PS001
O0106,Chatresh Sachdev,DSP,PS006
O0107,Mahika Dhawan,PI,PS007
O0108,Girish Natarajan,SI,PS008
O0109,Gagan Padmanabhan,PI,PS002
O0110,Qasim Madan,DSP,PS005
O0111,Onveer Mohan,PI,PS001
O0112,Warjas Sahni,Constable,PS004
O0113,Matthew Savant,SI,PS002
O0114,Chatresh Sidhu,SI,PS001
O0115,Nicholas Sodhi,PI,PS007
O0116,Devika Bera,PI,PS003
O0117,Devika Pau,DSP,PS007
O0118,Ira Padmanabhan,SI,PS006
O0119,Shravya Parmar,Constable,PS002
O0120,Onveer Suri,SI,PS007
O0121,Parth Wagle,Constable,PS008
O0122,Pallavi Manne,PI,PS002
O0123,David Sangha,SI,PS004
O0124,Wazir Nadkarni,DSP,PS004
O0125,Zayyan Lad,SI,PS001
O0126,Yug Bose,PI,PS006
O0127,Oni Andra,PI,PS007
O0128,Inaya Parmer,Constable,PS004
O0129,Balvan Halder,Constable,PS001
O0130,Vritti Chandran,SI,PS008
O0131,Ekapad Kumar,DSP,PS002
O0132,Neha Master,SI,PS005
O0133,Adweta Lad,DSP,PS005
O0134,Ria Kothari,SI,PS006
O0135,Gaurang Wadhwa,SI,PS004
O0136,Abdul Minhas,PI,PS002
O0137,Chakrika Sangha,SI,PS004
O0138,Brijesh Lalla,SI,PS004
O0139,Manthan Sathe,DSP,PS003
O0140,Dayita Thakkar,PI,PS007
O0141,Niharika Vig,Constable,PS003
O0142,Ikbal Tandon,Constable,PS008
O0143,Pratyush Bala,SI,PS008
O0144,Ekiya Char,PI,PS001
O0145,Orinder Ravel,PI,PS003
O0146,Maanav Dass,SI,PS008
O0147,Upkaar Sharma,PI,PS001
O0148,Zaid Krishna,Constable,PS003
O0149,Samuel Gopal,Constable,PS004
O0150,Qadim Ratti,Constable,PS005
O0151,Yauvani Sharaf,Constable,PS007
O0152,Tara Nigam,PI,PS005
O0153,Balvan Bhagat,Constable,PS007
O0154,George Gole,PI,PS002
O0155,Adweta Tella,PI,PS006
O0156,Chakradhar Nair,Constable,PS003
O0157,Anita Keer,PI,PS007
O0158,Chandresh Edwin,Constable,PS004
O0159,Oliver Arya,Constable,PS003
O0160,Madhav Kohli,DSP,PS001
O0161,Leela Pal,DSP,PS006
O0162,Imaran Joshi,SI,PS003
O0163,Oliver Bajaj,PI,PS005
O0164,Rehaan Saran,PI,PS001
O0165,Dhruv Varma,SI,PS001
O0166,Eta Mukherjee,DSP,PS004
O0167,Harish Swamy,SI,PS007
O0168,Frado Sheth,Constable,PS008
O0169,Qasim Seshadri,PI,PS004
O0170,Ishaan Shere,DSP,PS008
O0171,Chameli Agarwal,PI,PS005
O0172,Brinda Oak,Constable,PS006
O0173,Xavier Dyal,DSP,PS006
O0174,Mason Sodhi,SI,PS001
O0175,Darsh Chokshi,DSP,PS005
O0176,Daksh Palla,SI,PS001
O0177,Darika Mane,Constable,PS005
O0178,Indira Master,PI,PS004
O0179,Vedant Barman,Constable,PS006
O0180,Pooja Sehgal,PI,PS003
O0181,Gautam Rajan,DSP,PS005
O0182,Orinder Banerjee,Constable,PS004
O0183,Andrew Randhawa,PI,PS002
O0184,Kashvi Chopra,PI,PS001
O0185,Bhavani Nagi,SI,PS004
O0186,Tristan Parikh,Constable,PS001
O0187,Alexander Khatri,PI,PS006
O0188,Chanakya Padmanabhan,DSP,PS007
O0189,Avni Narang,PI,PS007
O0190,Manbir Bawa,Constable,PS007
O0191,Radhika Khurana,SI,PS003
O0192,Inaya Reddy,SI,PS006
O0193,Michael Bahri,Constable,PS001
O0194,Ekantika Agate,DSP,PS006
O0195,Parth Tailor,SI,PS003
O0196,Anirudh Shenoy,PI,PS002
O0197,Ekaja Kannan,SI,PS004
O0198,Widisha Master,Constable,PS006
O0199,Ekaraj Bail,Constable,PS008
O0200,Bimala Rau,Constable,PS006
O0201,Utkarsh Karpe,PI,PS001
O0202,Ubika Dhawan,PI,PS003
O0203,Shaurya Saran,Constable,PS008
O0204,Praneel Dubey,DSP,PS007
O0205,Zilmil Pall,Constable,PS003
O0206,Advay Ramanathan,SI,PS003
O0207,Avni Deol,DSP,PS003
O0208,Yashica Manne,PI,PS004
O0209,Radhika Jayaraman,DSP,PS003
O0210,Girik Kohli,PI,PS005
O0211,Vyanjana Sarkar,Constable,PS007
O0212,Vasatika Taneja,SI,PS005
O0213,Vansha Dass,SI,PS005
O0214,Raagini Prashad,SI,PS005
O0215,Bhavna Dayal,PI,PS001
O0216,Naveen Nath,PI,PS003
O0217,Megha Tailor,SI,PS007
O0218,Rudra Talwar,Constable,PS008
O0219,Hema Shankar,PI,PS008
O0220,Manan Barad,DSP,PS001
O0221,Karan Mallick,DSP,PS005
O0222,Rohan Rajagopalan,PI,PS001
O0223,Kavya Kothari,PI,PS003
O0224,Falak Saxena,SI,PS004
O0225,Hritik Ram,DSP,PS007
O0226,Suhani Salvi,SI,PS001
O0227,Ati Dada,SI,PS001
O0228,Ubika Anand,PI,PS003
O0229,Yauvani Bhardwaj,Constable,PS006
O0230,Dalaja Khanna,Constable,PS002
O0231,Yauvani Das,DSP,PS006
O0232,Divya Subramaniam,DSP,PS005
O0233,Dipta Agrawal,PI,PS002
O0234,Lakshmi Prashad,SI,PS004
O0235,Indira Yohannan,SI,PS002
O0236,Bakhshi Dani,Constable,PS005
O0237,Warjas Choudhary,Constable,PS001
O0238,Harsh Vohra,SI,PS001
O0239,Hemangini Shetty,SI,PS008
O0240,Qushi Walla,PI,PS007
O0241,Nisha Butala,SI,PS005
O0242,Zilmil Agrawal,Constable,PS008
O0243,Devansh Srinivas,PI,PS003
O0244,Michael Pillay,SI,PS007
O0245,Peter Varughese,DSP,PS001
O0246,Bakhshi Balasubramanian,DSP,PS005
O0247,Jasmit Modi,PI,PS001
O0248,Oviya Parsa,DSP,PS004
O0249,Vedhika Sunder,Constable,PS007
O0250,Nandini Aurora,Constable,PS001
O0251,Vansha Talwar,PI,PS008
O0252,Gautami Amble,SI,PS008
O0253,Megha Agate,Constable,PS007
O0254,Azaan Mahal,Constable,PS008
O0255,Charita Purohit,Constable,PS002
O0256,Farhan Bansal,DSP,PS001
O0257,Lekha Bhat,Constable,PS007
O0258,Ikshita Divan,SI,PS003
O0259,Caleb Sarkar,Constable,PS003
O0260,Matthew Ghosh,SI,PS004
O0261,Abeer Gokhale,SI,PS005
O0262,Rohan Thaman,PI,PS005
O0263,Anamika Gade,SI,PS001
O0264,Bakhshi Rao,DSP,PS001
O0265,Nicholas Kaul,DSP,PS006
O0266,Champak Buch,SI,PS008
O0267,Anthony Dass,SI,PS008
O0268,Isaiah Desai,PI,PS006
O0269,Zaitra Gupta,Constable,PS003
O0270,Maya Bhatti,PI,PS002
O0271,Ronith Jayaraman,DSP,PS003
O0272,Onveer Savant,PI,PS007
O0273,Bhanumati Morar,PI,PS008
O0274,Hema Bassi,PI,PS006
O0275,Naveen Bains,Constable,PS001
O0276,Oscar Radhakrishnan,SI,PS006
O0277,Gopal Bhalla,PI,PS008
O0278,Jasmit Vasa,Constable,PS004
O0279,Eesha Chander,Constable,PS001
O0280,Tanvi Oak,SI,PS005
O0281,Maanas Gopal,DSP,PS004
O0282,Kamya Hari,SI,PS001
O0283,Ekapad Mutti,DSP,PS006
O0284,Lavanya Bora,SI,PS004
O0285,Hiral Chakrabarti,SI,PS001
O0286,Kevin Bahri,SI,PS003
O0287,Orinder Jani,DSP,PS008
O0288,Hemang Rana,PI,PS001
O0289,David Bhat,DSP,PS005
O0290,Diya Pathak,Constable,PS003
O0291,Vasudha Munshi,Constable,PS007
O0292,Nidra Lal,Constable,PS006
O0293,Dominic Sundaram,DSP,PS001
O0294,Ethan Munshi,PI,PS008
O0295,Devika Sandhu,PI,PS002
O0296,Rayaan Chacko,SI,PS001
O0297,Yauvani Roy,SI,PS008
O0298,Anusha Dugar,SI,PS007
O0299,Oscar Varghese,SI,PS007
O0300,Om Solanki,Constable,PS002
O0301,Gunbir Bora,DSP,PS004
O0302,Raghav Lalla,DSP,PS001
O0303,Lipika Ganesan,PI,PS003
O0304,Kritika Dara,DSP,PS005
O0305,Agastya Shankar,PI,PS004
O0306,Devika Amble,DSP,PS003
O0307,Dayamai Barad,DSP,PS008
O0308,Pallavi Sant,PI,PS004
O0309,Balhaar Minhas,DSP,PS007
O0310,Veda Sanghvi,DSP,PS007
O0311,Dalbir Arya,Constable,PS003
O0312,Nathan Wagle,PI,PS006
O0313,Devika Singh,SI,PS005
O0314,Anusha Mahal,Constable,PS005
O0315,Gaurika Sinha,SI,PS008
O0316,Ranveer Edwin,DSP,PS008
O0317,Zehaan Sahni,SI,PS001
O0318,Bhavna Choudhary,SI,PS002
O0319,Vidhi Ramachandran,DSP,PS001
O0320,Jalsa Sane,SI,PS007
O0321,Yasti Babu,DSP,PS002
O0322,Nidra Krishnamurthy,Constable,PS001
O0323,Janaki Deshmukh,DSP,PS008
O0324,Upma Apte,Constable,PS008
O0325,Rachit Konda,PI,PS008
O0326,Jasmit Divan,Constable,PS006
O0327,Akshay Bhasin,Constable,PS002
O0328,Pavani Kar,Constable,PS006
O0329,Yashawini Bhalla,DSP,PS001
O0330,Isaiah Lanka,PI,PS008
O0331,Neelima Pandey,PI,PS007
O0332,Vaishnavi Yogi,DSP,PS005
O0333,Reva Goswami,PI,PS007
O0334,Riya Nigam,DSP,PS003
O0335,Daksh Bose,PI,PS005
O0336,Watika Lall,Constable,PS008
O0337,Kamya Mall,Constable,PS003
O0338,Megha Baria,Constable,PS007
O0339,Neha Kant,PI,PS007
O0340,Mason Palla,Constable,PS005
O0341,Pranav Sarin,PI,PS007
O0342,Saumya Mital,DSP,PS005
O0343,Neel Toor,SI,PS002
O0344,Yashvi Agarwal,PI,PS003
O0345,Eshana Balasubramanian,DSP,PS008
O0346,Sarthak Narasimhan,PI,PS001
O0347,Gaurangi Lad,SI,PS001
O0348,Waida Pandey,DSP,PS006
O0349,Upadhriti Rattan,Constable,PS003
O0350,Chaitanya Saraf,Constable,PS004
O0351,Amaira Sarraf,SI,PS008
O0352,Kamya Deep,PI,PS001
O0353,Hemang Mital,SI,PS007
O0354,Tejas Nath,PI,PS006
O0355,Yagnesh Das,PI,PS008
O0356,Charvi Mannan,DSP,PS002
O0357,Ekalinga Verma,DSP,PS004
O0358,Krish Gulati,SI,PS001
O0359,Anvi Andra,PI,PS001
O0360,Gaurav Jayaraman,SI,PS007
O0361,Abeer Rama,PI,PS002
O0362,Reyansh Barad,SI,PS005
O0363,Indali Lad,SI,PS008
O0364,Lakshmi Tata,SI,PS006
O0365,Dipta Lata,SI,PS006
O0366,Aadhya Thaker,Constable,PS001
O0367,Maanav Saini,DSP,PS001
O0368,Lohit Chhabra,PI,PS004
O0369,Aadi Master,DSP,PS008
O0370,Darpan Chad,PI,PS001
O0371,Ekapad Salvi,SI,PS004
O0372,Sara Gour,DSP,PS006
O0373,Madhav Minhas,Constable,PS005
O0374,Michael Chaudhry,SI,PS005
O0375,Pratyush Sastry,Constable,PS001
O0376,Pahal Batra,PI,PS008
O0377,Kevin Kibe,Constable,PS002
O0378,Ira Barad,PI,PS008
O0379,Manthan Goel,PI,PS002
O0380,Ati Doshi,SI,PS004
O0381,Urmi Sama,DSP,PS005
O0382,Gaurang Shere,Constable,PS004
O0383,Hardik Gokhale,DSP,PS005
O0384,Anirudh Uppal,PI,PS006
O0385,Samesh Loke,DSP,PS003
O0386,Ronith Venkatesh,PI,PS007
O0387,Gagan Dhillon,PI,PS004
O0388,Daksha Chawla,DSP,PS008
O0389,Bakhshi Banerjee,DSP,PS004
O0390,Anthony Oommen,Constable,PS002
O0391,Netra Kulkarni,DSP,PS003
O0392,Vivaan Mohanty,SI,PS003
O0393,Reyansh Radhakrishnan,PI,PS008
O0394,Kamala Hegde,DSP,PS004
O0395,Champak Chakrabarti,SI,PS008
O0396,Oviya Bajaj,PI,PS008
O0397,Mekhala Nori,PI,PS003
O0398,Aishani Sabharwal,SI,PS003
O0399,Lopa Chaudhary,PI,PS001
O0400,Samaksh Bhardwaj,PI,PS005
O0401,Lila Ramesh,Constable,PS006
O0402,Bahadurjit Chhabra,PI,PS002
O0403,Yutika Gala,SI,PS004
O0404,Tanvi Bhattacharyya,Constable,PS003
O0405,Yashoda Khare,DSP,PS004
O0406,Ucchal Gupta,Constable,PS004
O0407,Yachana Bora,DSP,PS006
O0408,Simon Edwin,DSP,PS006
O0409,Avni Vala,PI,PS001
O0410,Bhavna Banik,DSP,PS003
O0411,Harita Sant,DSP,PS003
O0412,Jalsa Trivedi,PI,PS006
O0413,Timothy Cheema,Constable,PS005
O0414,Omkaar Kaul,PI,PS008
O0415,Harita Sengupta,PI,PS004
O0416,Anirudh Basu,PI,PS005
O0417,Vivaan Brar,DSP,PS006
O0418,Unnati Wali,DSP,PS003
O0419,Indali Natt,SI,PS006
O0420,Dev Karan,Constable,PS003
O0421,Bhavna Mammen,DSP,PS006
O0422,Ira Kurian,DSP,PS001
O0423,Janaki Mannan,PI,PS005
O0424,Theodore Sandhu,SI,PS003
O0425,Nihal Parikh,Constable,PS004
O0426,Meghana Dua,SI,PS005
O0427,Chakradev Sathe,Constable,PS002
O0428,Ekansh Sarin,DSP,PS008
O0429,Matthew Madan,DSP,PS005
O0430,Barkha Jaggi,Constable,PS006
O0431,Wyatt Date,PI,PS005
O0432,Christopher Gola,Constable,PS005
O0433,Arjun Sarraf,SI,PS006
O0434,Pratyush Uppal,SI,PS003
O0435,Aashi Bir,DSP,PS003
O0436,Irya Sarkar,PI,PS007
O0437,Dipta Bhandari,SI,PS003
O0438,Lekha Atwal,DSP,PS001
O0439,Triveni Bhatia,Constable,PS001
O0440,Avi Garg,DSP,PS005
O0441,Ishaan Sundaram,PI,PS008
O0442,Bishakha Sangha,SI,PS004
O0443,Tristan Madan,PI,PS002
O0444,Yadavi Khosla,PI,PS005
O0445,Joshua Chahal,SI,PS003
O0446,Pranav Doctor,DSP,PS006
O0447,Raghav Ahluwalia,PI,PS006
O0448,Zayyan Bumb,SI,PS002
O0449,Balvan Luthra,SI,PS007
O0450,Chandran Keer,SI,PS008
O0451,Vanya Pal,Constable,PS004
O0452,Falak Aggarwal,SI,PS007
O0453,Manbir Sarin,SI,PS003
O0454,Ekantika Prasad,Constable,PS008
O0455,Vasana Nayar,PI,PS006
O0456,Dalbir Singh,Constable,PS002
O0457,Zayan Singhal,PI,PS004
O0458,Aarav Morar,SI,PS004
O0459,Arjun Sami,DSP,PS007
O0460,Wriddhish Sethi,SI,PS008
O0461,Viraj Subramanian,DSP,PS004
O0462,Lakshmi Dhaliwal,SI,PS006
O0463,Jeevika Doshi,PI,PS003
O0464,Liam Ray,DSP,PS002
O0465,Damyanti Deshmukh,SI,PS003
O0466,Anirudh Gaba,PI,PS007
O0467,Nitesh Konda,DSP,PS004
O0468,Indira Parmar,DSP,PS004
O0469,Aarini Mand,Constable,PS008
O0470,Mekhala Kapoor,PI,PS003
O0471,Tarak Goda,PI,PS008
O0472,Harini Sidhu,Constable,PS002
O0473,Mohammed Boase,PI,PS004
O0474,Vyanjana Chadha,PI,PS001
O0475,Chaitaly Mody,SI,PS005
O0476,Anita Rai,Constable,PS002
O0477,Harita Ganguly,DSP,PS002
O0478,Saumya Misra,SI,PS005
O0479,Neelima Vora,Constable,PS006
O0480,Harinakshi Bhandari,Constable,PS003
O0481,Tristan Date,Constable,PS008
O0482,Samarth Mital,DSP,PS006
O0483,Upasna Bhargava,DSP,PS008
O0484,Shravya Sekhon,Constable,PS007
O0485,Wakeeta Dara,Constable,PS002
O0486,Samuel Vaidya,PI,PS001
O0487,Pahal Sodhi,PI,PS003
O0488,Andrew Ganguly,Constable,PS007
O0489,Balendra Sarna,Constable,PS006
O0490,Thomas Halder,PI,PS008
O0491,Sanaya Shetty,DSP,PS005
O0492,Yochana Walla,SI,PS005
O0493,Yauvani Chada,SI,PS004
O0494,Chaman Magar,SI,PS001
O0495,Gaurang Virk,SI,PS007
O0496,Girish Krishnamurthy,DSP,PS006
O0497,Sanya Khanna,PI,PS004
O0498,Jack Bahri,DSP,PS002
O0499,Orinder Kapoor,PI,PS002
O0500,Ansh Upadhyay,DSP,PS005
